# Name,Type,SubType,Offset,Size
ble_data,0x40,1,0x21000,12K
server_cert,0x40,2,0x24000,8K
server_key,0x40,3,0x26000,8K
server_ca,0x40,4,0x28000,8K
client_cert,0x40,5,0x2a000,8K
client_key,0x40,6,0x2c000,8K
client_ca,0x40,7,0x2e000,8K
factory_param,0x40,8,0x30000,4K
wpa2_cert,0x40,9,0x31000,8K
wpa2_key,0x40,10,0x33000,8K
wpa2_ca,0x40,11,0x35000,8K
mqtt_cert,0x40,12,0x37000,8K
mqtt_key,0x40,13,0x39000,8K
mqtt_ca,0x40,14,0x3B000,8K
qcloud_subprd,0x40,15,0x61000,20K
qcloud_subdev,0x40,16,0x66000,20K
qcloud_modinfo,0x40,17,0x6B000,4K
qcloud_devinfo,0x40,18,0x6C000,4K
qcloud_prdinfo,0x40,19,0x6D000,4K
qcloud_fwinfo,0x40,20,0x6E000,4K
qcloud_errlog,0x40,21,0x6F000,4K
fatfs,data,fat,0x70000,576K